{
  "sheet": "Action",
  "defaultColumn": "Name",
  "definitions": [
    {
      "name": "Name"
    },
    {
      "index": 2,
      "name": "Icon",
      "converter": {
        "type": "icon"
      }
    },
    {
      "index": 3,
      "name": "ActionCategory",
      "converter": {
        "type": "link",
        "target": "ActionCategory"
      }
    },
    {
      "index": 5,
      "name": "Animation{Start}",
      "converter": {
        "type": "link",
        "target": "ActionCastTimeline"
      }
    },
    {
      "index": 6,
      "name": "VFX",
      "converter": {
        "type": "link",
        "target": "ActionCastVFX"
      }
    },
    {
      "index": 7,
      "name": "Animation{End}",
      "converter": {
        "type": "link",
        "target": "ActionTimeline"
      }
    },
    {
      "index": 8,
      "name": "ActionTimeline{Hit}",
      "converter": {
        "type": "link",
        "target": "ActionTimeline"
      }
    },
    {
      "index": 10,
      "name": "ClassJob",
      "converter": {
        "type": "link",
        "target": "ClassJob"
      }
    },
    {
      "index": 11,
      "name": "BehaviourType"
    },
    {
      "index": 12,
      "name": "ClassJobLevel"
    },
    {
      "index": 13,
      "name": "IsRoleAction"
    },
    {
      "index": 14,
      "name": "Range"
    },
    {
      "index": 15,
      "name": "CanTargetSelf"
    },
    {
      "index": 16,
      "name": "CanTargetParty"
    },
    {
      "index": 17,
      "name": "CanTargetFriendly"
    },
    {
      "index": 18,
      "name": "CanTargetHostile"
    },
    {
      "index": 21,
      "name": "TargetArea"
    },
    {
      "index": 25,
      "name": "CanTargetDead"
    },
    {
      "index": 27,
      "name": "CastType"
    },
    {
      "index": 28,
      "name": "EffectRange"
    },
    {
      "index": 29,
      "name": "XAxisModifier"
    },
    {
      "index": 31,
      "name": "PrimaryCost{Type}"
    },
    {
      "index": 32,
      "name": "PrimaryCost{Value}"
    },
    {
      "index": 33,
      "name": "SecondaryCost{Type}"
    },
    {
      "index": 34,
      "name": "SecondaryCost{Value}",
      "converter": {
        "type": "complexlink",
        "links": [
          {
            "when": {
              "key": "SecondaryCost{Type}",
              "value": 32
            },
            "sheet": "Status"
          },
          {
            "when": {
              "key": "SecondaryCost{Type}",
              "value": 35
            },
            "sheet": "Status"
          },
          {
            "when": {
              "key": "SecondaryCost{Type}",
              "value": 46
            },
            "sheet": "Status"
          }
        ]
      }
    },
    {
      "index": 35,
      "name": "Action{Combo}",
      "converter": {
        "type": "link",
        "target": "Action"
      }
    },
    {
      "index": 36,
      "name": "PreservesCombo"
    },
    {
      "index": 37,
      "name": "Cast<100ms>"
    },
    {
      "index": 38,
      "name": "Recast<100ms>"
    },
    {
      "index": 39,
      "name": "CooldownGroup"
    },
    {
      "index": 41,
      "name": "MaxCharges"
    },
    {
      "index": 42,
      "name": "AttackType",
      "converter": {
        "type": "link",
        "target": "AttackType"
      }
    },
    {
      "index": 43,
      "name": "Aspect"
    },
    {
      "index": 44,
      "name": "ActionProcStatus",
      "converter": {
        "type": "link",
        "target": "ActionProcStatus"
      }
    },
    {
      "index": 46,
      "name": "Status{GainSelf}",
      "converter": {
        "type": "link",
        "target": "Status"
      }
    },
    {
      "index": 47,
      "name": "UnlockLink",
      "converter": {
        "type": "generic"
      }
    },
    {
      "index": 48,
      "name": "ClassJobCategory",
      "converter": {
        "type": "link",
        "target": "ClassJobCategory"
      }
    },
    {
      "index": 51,
      "name": "AffectsPosition"
    },
    {
      "index": 52,
      "name": "Omen",
      "converter": {
        "type": "link",
        "target": "Omen"
      }
    },
    {
      "index": 53,
      "name": "IsPvP"
    },
    {
      "index": 65,
      "name": "IsPlayerAction"
    }
  ]
}