{
  "sheet": "Aetheryte",
  "defaultColumn": "PlaceName",
  "definitions": [
    {
      "name": "Singular"
    },
    {
      "index": 1,
      "name": "Adjective"
    },
    {
      "index": 2,
      "name": "Plural"
    },
    {
      "index": 3,
      "name": "PossessivePronoun"
    },
    {
      "index": 4,
      "name": "StartsWithVowel"
    },
    {
      "index": 6,
      "name": "Pronoun"
    },
    {
      "index": 7,
      "name": "Article"
    },
    {
      "index": 8,
      "name": "PlaceName",
      "converter": {
        "type": "link",
        "target": "PlaceName"
      }
    },
    {
      "index": 9,
      "name": "AethernetName",
      "converter": {
        "type": "link",
        "target": "PlaceName"
      }
    },
    {
      "index": 10,
      "name": "Territory",
      "converter": {
        "type": "link",
        "target": "TerritoryType"
      }
    },
    {
      "index": 11,
      "type": "repeat",
      "count": 4,
      "definition": {
        "name": "Level",
        "converter": {
          "type": "link",
          "target": "Level"
        }
      }
    },
    {
      "index": 15,
      "name": "IsAetheryte"
    },
    {
      "index": 17,
      "name": "AethernetGroup"
    },
    {
      "index": 19,
      "name": "RequiredQuest",
      "converter": {
        "type": "link",
        "target": "Quest"
      }
    },
    {
      "index": 20,
      "name": "Map",
      "converter": {
        "type": "link",
        "target": "Map"
      }
    },
    {
      "index": 21,
      "name": "Aetherstream{X}"
    },
    {
      "index": 22,
      "name": "Aetherstream{Y}"
    }
  ]
}