{
  "sheet": "AirshipExplorationPart",
  "definitions": [
    {
      "index": 1,
      "name": "Rank"
    },
    {
      "index": 2,
      "name": "Components"
    },
    {
      "index": 3,
      "name": "Surveillance"
    },
    {
      "index": 4,
      "name": "Retrieval"
    },
    {
      "index": 5,
      "name": "Speed"
    },
    {
      "index": 6,
      "name": "Range"
    },
    {
      "index": 7,
      "name": "Favor"
    },
    {
      "index": 9,
      "name": "RepairMaterials"
    }
  ]
}