{
  "sheet": "AnimaWeapon5TradeItem",
  "definitions": [
    {
      "index": 1,
      "name": "CrystalSand",
      "converter": {
        "type": "link",
        "target": "Item"
      }
    },
    {
      "index": 2,
      "name": "Qty"
    },
    {
      "index": 3,
      "type": "repeat",
      "count": 8,
      "definition": {
        "type": "group",
        "members": [
          {
            "name": "ItemName",
            "converter": {
              "type": "link",
              "target": "Item"
            }
          },
          {
            "name": "IsHQ"
          },
          {
            "name": "Quantity"
          }
        ]
      }
    },
    {
      "index": 27,
      "name": "Category",
      "converter": {
        "type": "link",
        "target": "AnimaWeapon5PatternGroup"
      }
    }
  ]
}