{
  "sheet": "AnimaWeaponIcon",
  "definitions": [
    {
      "name": "Hyperconductive",
      "converter": {
        "type": "icon"
      }
    },
    {
      "index": 1,
      "name": "Reborn",
      "converter": {
        "type": "icon"
      }
    },
    {
      "index": 2,
      "name": "Sharpened",
      "converter": {
        "type": "icon"
      }
    },
    {
      "index": 3,
      "name": "Zodiac",
      "converter": {
        "type": "icon"
      }
    },
    {
      "index": 4,
      "name": "ZodiacLux",
      "converter": {
        "type": "icon"
      }
    }
  ]
}