{
  "sheet": "BaseParam",
  "defaultColumn": "Name",
  "definitions": [
    {
      "name": "PacketIndex"
    },
    {
      "index": 1,
      "name": "Name"
    },
    {
      "index": 2,
      "name": "Description"
    },
    {
      "index": 3,
      "name": "OrderPriority"
    },
    {
      "index": 4,
      "name": "1HWpn%"
    },
    {
      "index": 5,
      "name": "OH<%>"
    },
    {
      "index": 6,
      "name": "Head<%>"
    },
    {
      "index": 7,
      "name": "Chest<%>"
    },
    {
      "index": 8,
      "name": "Hands<%>"
    },
    {
      "index": 9,
      "name": "Waist<%>"
    },
    {
      "index": 10,
      "name": "Legs<%>"
    },
    {
      "index": 11,
      "name": "Feet<%>"
    },
    {
      "index": 12,
      "name": "Earring<%>"
    },
    {
      "index": 13,
      "name": "Necklace<%>"
    },
    {
      "index": 14,
      "name": "Bracelet<%>"
    },
    {
      "index": 15,
      "name": "Ring<%>"
    },
    {
      "index": 16,
      "name": "2HWpn<%>"
    },
    {
      "index": 17,
      "name": "UnderArmor<%>"
    },
    {
      "index": 18,
      "name": "ChestHead<%>"
    },
    {
      "index": 19,
      "name": "ChestHeadLegsFeet<%>"
    },
    {
      "index": 21,
      "name": "LegsFeet<%>"
    },
    {
      "index": 22,
      "name": "HeadChestHandsLegsFeet<%>"
    },
    {
      "index": 23,
      "name": "ChestLegsGloves<%>"
    },
    {
      "index": 24,
      "name": "ChestLegsFeet<%>"
    },
    {
      "index": 25,
      "type": "repeat",
      "count": 13,
      "definition": {
        "name": "MeldParam"
      }
    }
  ]
}
