{
  "sheet": "BeastTribe",
  "defaultColumn": "Name",
  "definitions": [
    {
      "index": 1,
      "name": "MinLevel"
    },
    {
      "index": 2,
      "name": "BeastRankBonus",
      "converter": {
        "type": "link",
        "target": "BeastRankBonus"
      }
    },
    {
      "index": 3,
      "name": "Icon{Reputation}",
      "converter": {
        "type": "icon"
      }
    },
    {
      "index": 4,
      "name": "Icon",
      "converter": {
        "type": "icon"
      }
    },
    {
      "index": 5,
      "name": "MaxRank"
    },
    {
      "index": 6,
      "name": "Expansion",
      "converter": {
        "type": "link",
        "target": "ExVersion"
      }
    },
    {
      "index": 7,
      "name": "CurrencyItem",
      "converter": {
        "type": "link",
        "target": "Item"
      }
    },
    {
      "index": 8,
      "name": "DisplayOrder"
    },
    {
      "index": 9,
      "name": "Name"
    },
    {
      "index": 10,
      "name": "Adjective"
    },
    {
      "index": 11,
      "name": "Plural"
    },
    {
      "index": 12,
      "name": "PossessivePronoun"
    },
    {
      "index": 13,
      "name": "StartsWithVowel"
    },
    {
      "index": 14,
      "name": "Pronoun"
    },
    {
      "index": 15,
      "name": "Article"
    },
    {
      "index": 16,
      "name": "DEF"
    },
    {
      "index": 17,
      "name": "Name{Relation}"
    }
  ]
}