{
  "sheet": "BeastRankBonus",
  "definitions": [
    {
      "name": "Neutral"
    },
    {
      "index": 1,
      "name": "Recognized"
    },
    {
      "index": 2,
      "name": "Friendly"
    },
    {
      "index": 3,
      "name": "Trusted"
    },
    {
      "index": 4,
      "name": "Respected"
    },
    {
      "index": 5,
      "name": "Honored"
    },
    {
      "index": 6,
      "name": "Sworn"
    },
    {
      "index": 7,
      "name": "Allied/Bloodsworn"
    },
    {
      "index": 8,
      "name": "Item",
      "converter": {
        "type": "link",
        "target": "Item"
      }
    },
    {
      "index": 9,
      "type": "repeat",
      "count": 8,
      "definition": {
        "name": "Item{Quantity}"
      }
    }
  ]
}