{
  "sheet": "BGMSituation",
  "definitions": [
    {
      "name": "DaytimeID",
      "converter": {
        "type": "link",
        "target": "BGM"
      }
    },
    {
      "index": 1,
      "name": "NightID",
      "converter": {
        "type": "link",
        "target": "BGM"
      }
    },
    {
      "index": 2,
      "name": "BattleID",
      "converter": {
        "type": "link",
        "target": "BGM"
      }
    },
    {
      "index": 3,
      "name": "DaybreakID",
      "converter": {
        "type": "link",
        "target": "BGM"
      }
    },
    {
      "index": 4,
      "name": "TwilightID",
      "converter": {
        "type": "link",
        "target": "BGM"
      }
    }
  ]
}