{
  "sheet": "BNpcCustomize",
  "definitions": [
    {
      "name": "Race",
      "converter": {
        "type": "link",
        "target": "Race"
      }
    },
    {
      "index": 1,
      "name": "Gender"
    },
    {
      "index": 2,
      "name": "BodyType"
    },
    {
      "index": 3,
      "name": "Height"
    },
    {
      "index": 4,
      "name": "Tribe",
      "converter": {
        "type": "link",
        "target": "Tribe"
      }
    },
    {
      "index": 5,
      "name": "Face"
    },
    {
      "index": 6,
      "name": "HairStyle"
    },
    {
      "index": 7,
      "name": "HairHighlight"
    },
    {
      "index": 8,
      "name": "SkinColor"
    },
    {
      "index": 9,
      "name": "EyeHeterochromia"
    },
    {
      "index": 10,
      "name": "HairColor"
    },
    {
      "index": 11,
      "name": "HairHighlightColor"
    },
    {
      "index": 12,
      "name": "FacialFeature"
    },
    {
      "index": 13,
      "name": "FacialFeatureColor"
    },
    {
      "index": 14,
      "name": "Eyebrows"
    },
    {
      "index": 15,
      "name": "EyeColor"
    },
    {
      "index": 16,
      "name": "EyeShape"
    },
    {
      "index": 17,
      "name": "Nose"
    },
    {
      "index": 18,
      "name": "Jaw"
    },
    {
      "index": 19,
      "name": "Mouth"
    },
    {
      "index": 20,
      "name": "LipColor"
    },
    {
      "index": 21,
      "name": "BustOrTone1"
    },
    {
      "index": 22,
      "name": "ExtraFeature1"
    },
    {
      "index": 23,
      "name": "ExtraFeature2OrBust"
    },
    {
      "index": 24,
      "name": "FacePaint"
    },
    {
      "index": 25,
      "name": "FacePaintColor"
    }
  ]
}