{
  "sheet": "BNpcState",
  "definitions": [
    {
      "name": "Slot"
    },
    {
      "index": 1,
      "name": "OverRay"
    },
    {
      "index": 4,
      "name": "Idle"
    },
    {
      "index": 5,
      "name": "Attribute[0]"
    },
    {
      "index": 6,
      "name": "AttributeFlag[0]"
    },
    {
      "index": 7,
      "name": "Attribute[1]"
    },
    {
      "index": 8,
      "name": "AttributeFlag[1]"
    },
    {
      "index": 9,
      "name": "Attribute[2]"
    },
    {
      "index": 10,
      "name": "AttributeFlag[2]"
    },
    {
      "index": 11,
      "name": "Scale"
    },
    {
      "index": 13,
      "name": "LoopTimeline"
    }
  ]
}