{
  "sheet": "BNpcBase",
  "definitions": [
    {
      "name": "Behavior",
      "converter": {
        "type": "link",
        "target": "Behavior"
      }
    },
    {
      "index": 1,
      "name": "Battalion",
      "converter": {
        "type": "link",
        "target": "Battalion"
      }
    },
    {
      "index": 2,
      "name": "LinkRace",
      "converter": {
        "type": "link",
        "target": "LinkRace"
      }
    },
    {
      "index": 3,
      "name": "Rank"
    },
    {
      "index": 4,
      "name": "Scale"
    },
    {
      "index": 5,
      "name": "ModelChara",
      "converter": {
        "type": "link",
        "target": "ModelChara"
      }
    },
    {
      "index": 6,
      "name": "BNpcCustomize",
      "converter": {
        "type": "link",
        "target": "BNpcCustomize"
      }
    },
    {
      "index": 7,
      "name": "NpcEquip",
      "converter": {
        "type": "link",
        "target": "NpcEquip"
      }
    },
    {
      "index": 8,
      "name": "Special"
    },
    {
      "index": 9,
      "name": "SEPack"
    },
    {
      "index": 11,
      "name": "ArrayEventHandler",
      "converter": {
        "type": "link",
        "target": "ArrayEventHandler"
      }
    },
    {
      "index": 12,
      "name": "BNpcParts",
      "converter": {
        "type": "link",
        "target": "BNpcParts"
      }
    },
    {
      "index": 14,
      "name": "IsTargetLine"
    },
    {
      "index": 15,
      "name": "IsDisplayLevel"
    }
  ]
}