{
  "sheet": "BuddyEquip",
  "defaultColumn": "Name",
  "definitions": [
    {
      "name": "Singular"
    },
    {
      "index": 1,
      "name": "Adjective"
    },
    {
      "index": 2,
      "name": "Plural"
    },
    {
      "index": 3,
      "name": "PossessivePronoun"
    },
    {
      "index": 4,
      "name": "StartsWithVowel"
    },
    {
      "index": 6,
      "name": "Pronoun"
    },
    {
      "index": 7,
      "name": "Article"
    },
    {
      "index": 8,
      "name": "Name"
    },
    {
      "index": 9,
      "name": "Model{Top}"
    },
    {
      "index": 10,
      "name": "Model{Body}"
    },
    {
      "index": 11,
      "name": "Model{Legs}"
    },
    {
      "index": 12,
      "name": "GrandCompany",
      "converter": {
        "type": "link",
        "target": "GrandCompany"
      }
    },
    {
      "index": 13,
      "name": "Icon{Head}",
      "converter": {
        "type": "icon"
      }
    },
    {
      "index": 14,
      "name": "Icon{Body}",
      "converter": {
        "type": "icon"
      }
    },
    {
      "index": 15,
      "name": "Icon{Legs}",
      "converter": {
        "type": "icon"
      }
    }
  ]
}