{
  "sheet": "BuddySkill",
  "definitions": [
    {
      "name": "BuddyLevel"
    },
    {
      "index": 1,
      "name": "IsActive"
    },
    {
      "index": 2,
      "name": "Defender",
      "converter": {
        "type": "multiref",
        "targets": [
          "Trait",
          "Action"
        ]
      }
    },
    {
      "index": 3,
      "name": "Attacker",
      "converter": {
        "type": "multiref",
        "targets": [
          "Trait",
          "Action"
        ]
      }
    },
    {
      "index": 4,
      "name": "Healer",
      "converter": {
        "type": "multiref",
        "targets": [
          "Trait",
          "Action"
        ]
      }
    }
  ]
}