{
  "sheet": "BuddyAction",
  "defaultColumn": "Name",
  "definitions": [
    {
      "name": "Name"
    },
    {
      "index": 1,
      "name": "Description"
    },
    {
      "index": 2,
      "name": "Icon",
      "converter": {
        "type": "icon"
      }
    },
    {
      "index": 3,
      "name": "Icon{Status}",
      "converter": {
        "type": "icon"
      }
    },
    {
      "index": 4,
      "name": "Reward"
    },
    {
      "index": 5,
      "name": "Sort"
    }
  ]
}