{
  "sheet": "CharaMakeCustomize",
  "defaultColumn": "Icon",
  "definitions": [
    {
      "name": "FeatureID"
    },
    {
      "index": 1,
      "name": "Icon",
      "converter": {
        "type": "icon"
      }
    },
    {
      "index": 2,
      "name": "Data"
    },
    {
      "index": 3,
      "name": "IsPurchasable"
    },
    {
      "index": 4,
      "name": "Hint",
      "converter": {
        "type": "link",
        "target": "Lobby"
      }
    },
    {
      "index": 5,
      "name": "HintItem",
      "converter": {
        "type": "link",
        "target": "Item"
      }
    }
  ]
}