{
  "sheet": "CharaMakeType",
  "definitions": [
    {
      "name": "Race",
      "converter": {
        "type": "link",
        "target": "Race"
      }
    },
    {
      "index": 1,
      "name": "Tribe",
      "converter": {
        "type": "link",
        "target": "Tribe"
      }
    },
    {
      "index": 2,
      "name": "Gender"
    },
    {
      "index": 3,
      "type": "repeat",
      "count": 28,
      "definition": {
        "name": "Menu"
      }
    },
    {
      "index": 31,
      "type": "repeat",
      "count": 28,
      "definition": {
        "name": "InitVal"
      }
    },
    {
      "index": 59,
      "type": "repeat",
      "count": 28,
      "definition": {
        "name": "SubMenuType"
      }
    },
    {
      "index": 87,
      "type": "repeat",
      "count": 28,
      "definition": {
        "name": "SubMenuNum"
      }
    },
    {
      "index": 115,
      "type": "repeat",
      "count": 28,
      "definition": {
        "name": "LookAt"
      }
    },
    {
      "index": 143,
      "type": "repeat",
      "count": 28,
      "definition": {
        "name": "SubMenuMask"
      }
    },
    {
      "index": 171,
      "type": "repeat",
      "count": 28,
      "definition": {
        "name": "Customize"
      }
    },
    {
      "index": 199,
      "type": "repeat",
      "count": 100,
      "definition": {
        "type": "group",
        "members": [
          {
            "type": "repeat",
            "count": 28,
            "definition": {
              "name": "SubMenuParam"
            }
          }
        ]
      }
    },
    {
      "index": 2999,
      "type": "repeat",
      "count": 10,
      "definition": {
        "type": "group",
        "members": [
          {
            "type": "repeat",
            "count": 28,
            "definition": {
              "name": "SubMenuGraphic"
            }
          }
        ]
      }
    },
    {
      "index": 3279,
      "type": "repeat",
      "count": 12,
      "definition": {
        "name": "VoiceStruct"
      }
    },
    {
      "index": 3291,
      "type": "repeat",
      "count": 56,
      "definition": {
        "name": "FacialFeatureOption",
        "converter": {
          "type": "icon"
        }
      }
    },
    {
      "index": 3347,
      "type": "repeat",
      "count": 1,
      "definition": {
        "type": "group",
        "members": [
          {
            "type": "repeat",
            "count": 3,
            "definition": {
              "name": "Helmet"
            }
          },
          {
            "type": "repeat",
            "count": 3,
            "definition": {
              "name": "Top"
            }
          },
          {
            "type": "repeat",
            "count": 3,
            "definition": {
              "name": "Gloves"
            }
          },
          {
            "type": "repeat",
            "count": 3,
            "definition": {
              "name": "Legs"
            }
          },
          {
            "type": "repeat",
            "count": 3,
            "definition": {
              "name": "Shoes"
            }
          },
          {
            "type": "repeat",
            "count": 3,
            "definition": {
              "name": "Weapon"
            }
          },
          {
            "type": "repeat",
            "count": 3,
            "definition": {
              "name": "SubWeapon"
            }
          }
        ]
      }
    }
  ]
}
