{
  "sheet": "ChocoboRaceAbility",
  "defaultColumn": "Name",
  "definitions": [
    {
      "name": "Name"
    },
    {
      "index": 1,
      "name": "Description"
    },
    {
      "index": 2,
      "name": "Icon",
      "converter": {
        "type": "icon"
      }
    },
    {
      "index": 3,
      "name": "ChocoboRaceAbilityType",
      "converter": {
        "type": "link",
        "target": "ChocoboRaceAbilityType"
      }
    },
    {
      "index": 4,
      "name": "Value"
    }
  ]
}