{
  "sheet": "ClassJobCategory",
  "defaultColumn": "Name",
  "definitions": [
    {
      "name": "Name"
    },
    {
      "index": 1,
      "name": "ADV"
    },
    {
      "index": 2,
      "name": "GLA"
    },
    {
      "index": 3,
      "name": "PGL"
    },
    {
      "index": 4,
      "name": "MRD"
    },
    {
      "index": 5,
      "name": "LNC"
    },
    {
      "index": 6,
      "name": "ARC"
    },
    {
      "index": 7,
      "name": "CNJ"
    },
    {
      "index": 8,
      "name": "THM"
    },
    {
      "index": 9,
      "name": "CRP"
    },
    {
      "index": 10,
      "name": "BSM"
    },
    {
      "index": 11,
      "name": "ARM"
    },
    {
      "index": 12,
      "name": "GSM"
    },
    {
      "index": 13,
      "name": "LTW"
    },
    {
      "index": 14,
      "name": "WVR"
    },
    {
      "index": 15,
      "name": "ALC"
    },
    {
      "index": 16,
      "name": "CUL"
    },
    {
      "index": 17,
      "name": "MIN"
    },
    {
      "index": 18,
      "name": "BTN"
    },
    {
      "index": 19,
      "name": "FSH"
    },
    {
      "index": 20,
      "name": "PLD"
    },
    {
      "index": 21,
      "name": "MNK"
    },
    {
      "index": 22,
      "name": "WAR"
    },
    {
      "index": 23,
      "name": "DRG"
    },
    {
      "index": 24,
      "name": "BRD"
    },
    {
      "index": 25,
      "name": "WHM"
    },
    {
      "index": 26,
      "name": "BLM"
    },
    {
      "index": 27,
      "name": "ACN"
    },
    {
      "index": 28,
      "name": "SMN"
    },
    {
      "index": 29,
      "name": "SCH"
    },
    {
      "index": 30,
      "name": "ROG"
    },
    {
      "index": 31,
      "name": "NIN"
    },
    {
      "index": 32,
      "name": "MCH"
    },
    {
      "index": 33,
      "name": "DRK"
    },
    {
      "index": 34,
      "name": "AST"
    },
    {
      "index": 35,
      "name": "SAM"
    },
    {
      "index": 36,
      "name": "RDM"
    },
    {
      "index": 37,
      "name": "BLU"
    },
    {
      "index": 38,
      "name": "GNB"
    },
    {
      "index": 39,
      "name": "DNC"
    }
  ]
}