{
  "sheet": "CompanyCraftSequence",
  "defaultColumn": "ResultItem",
  "definitions": [
    {
      "name": "ResultItem",
      "converter": {
        "type": "link",
        "target": "Item"
      }
    },
    {
      "index": 1,
      "name": "Category"
    },
    {
      "index": 2,
      "name": "CompanyCraftDraftCategory",
      "converter": {
        "type": "link",
        "target": "CompanyCraftDraftCategory"
      }
    },
    {
      "index": 3,
      "name": "CompanyCraftType",
      "converter": {
        "type": "link",
        "target": "CompanyCraftType"
      }
    },
    {
      "index": 4,
      "name": "CompanyCraftDraft",
      "converter": {
        "type": "link",
        "target": "CompanyCraftDraft"
      }
    },
    {
      "index": 5,
      "type": "repeat",
      "count": 8,
      "definition": {
        "name": "CompanyCraftPart",
        "converter": {
          "type": "link",
          "target": "CompanyCraftPart"
        }
      }
    },
    {
      "index": 13,
      "name": "Order"
    }
  ]
}
