{
  "sheet": "CompanyAction",
  "defaultColumn": "Name",
  "definitions": [
    {
      "name": "Name"
    },
    {
      "index": 1,
      "name": "Description"
    },
    {
      "index": 2,
      "name": "Icon",
      "converter": {
        "type": "icon"
      }
    },
    {
      "index": 3,
      "name": "FCRank",
      "converter": {
        "type": "link",
        "target": "FCRank"
      }
    },
    {
      "index": 4,
      "name": "Cost"
    },
    {
      "index": 5,
      "name": "Order"
    },
    {
      "index": 6,
      "name": "Purchasable"
    }
  ]
}