{
  "sheet": "CompanyCraftDraft",
  "defaultColumn": "Name",
  "definitions": [
    {
      "name": "Name"
    },
    {
      "index": 1,
      "name": "CompanyCraftDraftCategory",
      "converter": {
        "type": "link",
        "target": "CompanyCraftDraftCategory"
      }
    },
    {
      "index": 2,
      "type": "repeat",
      "count": 3,
      "definition": {
        "type": "group",
        "members": [
          {
            "name": "RequiredItem",
            "converter": {
              "type": "link",
              "target": "Item"
            }
          },
          {
            "name": "RequiredItemCount"
          }
        ]
      }
    },
    {
      "index": 8,
      "name": "Order"
    }
  ]
}