{
  "sheet": "CompleteJournal",
  "defaultColumn": "Name",
  "definitions": [
    {
      "index": 1,
      "name": "RequiredLevel"
    },
    {
      "index": 3,
      "name": "Icon",
      "converter": {
        "type": "icon"
      }
    },
    {
      "index": 5,
      "name": "Name"
    },
    {
      "index": 6,
      "type": "repeat",
      "count": 24,
      "definition": {
        "name": "Cutscene",
        "converter": {
          "type": "link",
          "target": "Cutscene"
        }
      }
    }
  ]
}