{
  "sheet": "CompanyLeve",
  "definitions": [
    {
      "type": "repeat",
      "count": 8,
      "definition": {
        "name": "Time"
      }
    },
    {
      "index": 8,
      "type": "repeat",
      "count": 8,
      "definition": {
        "name": "BaseID",
        "converter": {
          "type": "multiref",
          "targets": [
            "EventItem",
            "BNpcBase"
          ]
        }
      }
    },
    {
      "index": 16,
      "type": "repeat",
      "count": 8,
      "definition": {
        "name": "EnemyLevel"
      }
    },
    {
      "index": 24,
      "type": "repeat",
      "count": 8,
      "definition": {
        "name": "BNpcName",
        "converter": {
          "type": "link",
          "target": "BNpcName"
        }
      }
    },
    {
      "index": 32,
      "type": "repeat",
      "count": 8,
      "definition": {
        "name": "ItemsInvolved",
        "converter": {
          "type": "link",
          "target": "EventItem"
        }
      }
    },
    {
      "index": 40,
      "type": "repeat",
      "count": 8,
      "definition": {
        "name": "ItemsInvolvedQty"
      }
    },
    {
      "index": 48,
      "type": "repeat",
      "count": 8,
      "definition": {
        "name": "ItemDropRate"
      }
    },
    {
      "index": 56,
      "type": "repeat",
      "count": 8,
      "definition": {
        "name": "ToDoNumberInvolved"
      }
    },
    {
      "index": 64,
      "type": "repeat",
      "count": 8,
      "definition": {
        "name": "ToDoParam"
      }
    },
    {
      "index": 176,
      "name": "Rule",
      "converter": {
        "type": "link",
        "target": "CompanyLeveRule"
      }
    },
    {
      "index": 177,
      "name": "RuleParam"
    }
  ]
}