{
  "sheet": "Companion",
  "defaultColumn": "Singular",
  "definitions": [
    {
      "name": "Singular"
    },
    {
      "index": 1,
      "name": "Adjective"
    },
    {
      "index": 2,
      "name": "Plural"
    },
    {
      "index": 3,
      "name": "PossessivePronoun"
    },
    {
      "index": 4,
      "name": "StartsWithVowel"
    },
    {
      "index": 6,
      "name": "Pronoun"
    },
    {
      "index": 7,
      "name": "Article"
    },
    {
      "index": 8,
      "name": "Model",
      "converter": {
        "type": "link",
        "target": "ModelChara"
      }
    },
    {
      "index": 9,
      "name": "Scale"
    },
    {
      "index": 10,
      "name": "InactiveIdle[0]"
    },
    {
      "index": 11,
      "name": "InactiveIdle[1]"
    },
    {
      "index": 12,
      "name": "InactiveBattle"
    },
    {
      "index": 13,
      "name": "InactiveWandering"
    },
    {
      "index": 14,
      "name": "Behavior",
      "converter": {
        "type": "link",
        "target": "CompanionMove"
      }
    },
    {
      "index": 15,
      "name": "Special"
    },
    {
      "index": 16,
      "name": "WanderingWait"
    },
    {
      "index": 17,
      "name": "Priority"
    },
    {
      "index": 18,
      "name": "Roulette"
    },
    {
      "index": 20,
      "name": "Battle"
    },
    {
      "index": 21,
      "name": "LookAt"
    },
    {
      "index": 22,
      "name": "Poke"
    },
    {
      "index": 23,
      "name": "Enemy"
    },
    {
      "index": 24,
      "name": "Stroke"
    },
    {
      "index": 25,
      "name": "Clapping"
    },
    {
      "index": 26,
      "name": "Icon",
      "converter": {
        "type": "icon"
      }
    },
    {
      "index": 27,
      "name": "Order"
    },
    {
      "index": 30,
      "name": "Cost"
    },
    {
      "index": 31,
      "name": "HP"
    },
    {
      "index": 33,
      "name": "Skill{Angle}"
    },
    {
      "index": 34,
      "name": "Skill{Cost}"
    },
    {
      "index": 37,
      "name": "MinionRace",
      "converter": {
        "type": "link",
        "target": "MinionRace"
      }
    }
  ]
}