{
  "sheet": "CraftAction",
  "defaultColumn": "Name",
  "definitions": [
    {
      "name": "Name"
    },
    {
      "index": 1,
      "name": "Description"
    },
    {
      "index": 2,
      "name": "Animation{Start}",
      "converter": {
        "type": "link",
        "target": "ActionTimeline"
      }
    },
    {
      "index": 3,
      "name": "Animation{End}",
      "converter": {
        "type": "link",
        "target": "ActionTimeline"
      }
    },
    {
      "index": 4,
      "name": "Icon",
      "converter": {
        "type": "icon"
      }
    },
    {
      "index": 5,
      "name": "ClassJob",
      "converter": {
        "type": "link",
        "target": "ClassJob"
      }
    },
    {
      "index": 6,
      "name": "ClassJobCategory",
      "converter": {
        "type": "link",
        "target": "ClassJobCategory"
      }
    },
    {
      "index": 7,
      "name": "ClassJobLevel"
    },
    {
      "index": 8,
      "name": "QuestRequirement",
      "converter": {
        "type": "link",
        "target": "Quest"
      }
    },
    {
      "index": 9,
      "name": "Specialist"
    },
    {
      "index": 11,
      "name": "Cost"
    },
    {
      "index": 12,
      "name": "CRP",
      "converter": {
        "type": "link",
        "target": "CraftAction"
      }
    },
    {
      "index": 13,
      "name": "BSM",
      "converter": {
        "type": "link",
        "target": "CraftAction"
      }
    },
    {
      "index": 14,
      "name": "ARM",
      "converter": {
        "type": "link",
        "target": "CraftAction"
      }
    },
    {
      "index": 15,
      "name": "GSM",
      "converter": {
        "type": "link",
        "target": "CraftAction"
      }
    },
    {
      "index": 16,
      "name": "LTW",
      "converter": {
        "type": "link",
        "target": "CraftAction"
      }
    },
    {
      "index": 17,
      "name": "WVR",
      "converter": {
        "type": "link",
        "target": "CraftAction"
      }
    },
    {
      "index": 18,
      "name": "ALC",
      "converter": {
        "type": "link",
        "target": "CraftAction"
      }
    },
    {
      "index": 19,
      "name": "CUL",
      "converter": {
        "type": "link",
        "target": "CraftAction"
      }
    }
  ]
}