{
  "sheet": "CraftLeve",
  "defaultColumn": "Leve",
  "isGenericReferenceTarget": true,
  "definitions": [
    {
      "name": "Leve",
      "converter": {
        "type": "link",
        "target": "Leve"
      }
    },
    {
      "index": 1,
      "name": "CraftLeveTalk",
      "converter": {
        "type": "link",
        "target": "CraftLeveTalk"
      }
    },
    {
      "index": 2,
      "name": "Repeats"
    },
    {
      "index": 3,
      "type": "repeat",
      "count": 4,
      "definition": {
        "type": "group",
        "members": [
          {
            "name": "Item",
            "converter": {
              "type": "link",
              "target": "Item"
            }
          },
          {
            "name": "ItemCount"
          }
        ]
      }
    }
  ]
}