{
  "sheet": "DpsChallenge",
  "defaultColumn": "Name",
  "definitions": [
    {
      "name": "PlayerLevel"
    },
    {
      "index": 1,
      "name": "PlaceName",
      "converter": {
        "type": "link",
        "target": "PlaceName"
      }
    },
    {
      "index": 2,
      "name": "Icon",
      "converter": {
        "type": "icon"
      }
    },
    {
      "index": 3,
      "name": "Order"
    },
    {
      "index": 4,
      "name": "Name"
    },
    {
      "index": 5,
      "name": "Description"
    }
  ]
}