{
  "sheet": "Emote",
  "defaultColumn": "Name",
  "definitions": [
    {
      "name": "Name"
    },
    {
      "index": 1,
      "type": "repeat",
      "count": 7,
      "definition": {
        "name": "ActionTimeline",
        "converter": {
          "type": "link",
          "target": "ActionTimeline"
        }
      }
    },
    {
      "index": 11,
      "name": "EmoteCategory",
      "converter": {
        "type": "link",
        "target": "EmoteCategory"
      }
    },
    {
      "index": 12,
      "name": "EmoteMode",
      "converter": {
        "type": "link",
        "target": "EmoteMode"
      }
    },
    {
      "index": 15,
      "name": "HasCancelEmote"
    },
    {
      "index": 16,
      "name": "DrawsWeapon"
    },
    {
      "index": 18,
      "name": "TextCommand",
      "converter": {
        "type": "link",
        "target": "TextCommand"
      }
    },
    {
      "index": 19,
      "name": "Icon",
      "converter": {
        "type": "icon"
      }
    },
    {
      "index": 20,
      "name": "LogMessage{Targeted}",
      "converter": {
        "type": "link",
        "target": "LogMessage"
      }
    },
    {
      "index": 21,
      "name": "LogMessage{Untargeted}",
      "converter": {
        "type": "link",
        "target": "LogMessage"
      }
    },
    {
      "index": 22,
      "name": "UnlockLink"
    }
  ]
}