{
  "sheet": "ENpcDressUpDress",
  "definitions": [
    {
      "index": 5,
      "name": "AddedIn{5-3}[0]"
    },
    {
      "index": 7,
      "name": "ENpc",
      "converter": {
        "type": "link",
        "target": "ENpcResident"
      }
    },
    {
      "index": 9,
      "name": "Behavior",
      "converter": {
        "type": "link",
        "target": "Behavior"
      }
    },
    {
      "index": 36,
      "name": "Model{MainHand}"
    },
    {
      "index": 37,
      "name": "Dye{MainHand}",
      "converter": {
        "type": "link",
        "target": "Stain"
      }
    },
    {
      "index": 38,
      "name": "Model{OffHand}"
    },
    {
      "index": 39,
      "name": "Dye{OffHand}",
      "converter": {
        "type": "link",
        "target": "Stain"
      }
    },
    {
      "index": 40,
      "name": "Model{Head}"
    },
    {
      "index": 41,
      "name": "Dye{Head}",
      "converter": {
        "type": "link",
        "target": "Stain"
      }
    },
    {
      "index": 42,
      "name": "Model{Body}"
    },
    {
      "index": 43,
      "name": "Dye{Body}",
      "converter": {
        "type": "link",
        "target": "Stain"
      }
    },
    {
      "index": 44,
      "name": "Model{Hands}"
    },
    {
      "index": 45,
      "name": "Dye{Hands}",
      "converter": {
        "type": "link",
        "target": "Stain"
      }
    },
    {
      "index": 46,
      "name": "Model{Legs}"
    },
    {
      "index": 47,
      "name": "Dye{Legs}",
      "converter": {
        "type": "link",
        "target": "Stain"
      }
    },
    {
      "index": 48,
      "name": "Model{Feet}"
    },
    {
      "index": 49,
      "name": "Dye{Feet}",
      "converter": {
        "type": "link",
        "target": "Stain"
      }
    }
  ]
}