{
  "sheet": "ENpcBase",
  "definitions": [
    {
      "name": "EventHandler"
    },
    {
      "index": 1,
      "name": "Important"
    },
    {
      "index": 2,
      "type": "repeat",
      "count": 32,
      "definition": {
        "name": "ENpcData",
        "converter": {
          "type": "generic"
        }
      }
    },
    {
      "index": 34,
      "name": "Scale"
    },
    {
      "index": 35,
      "name": "ModelChara",
      "converter": {
        "type": "link",
        "target": "ModelChara"
      }
    },
    {
      "index": 36,
      "name": "Race",
      "converter": {
        "type": "link",
        "target": "Race"
      }
    },
    {
      "index": 37,
      "name": "Gender"
    },
    {
      "index": 38,
      "name": "BodyType"
    },
    {
      "index": 39,
      "name": "Height"
    },
    {
      "index": 40,
      "name": "Tribe",
      "converter": {
        "type": "link",
        "target": "Tribe"
      }
    },
    {
      "index": 41,
      "name": "Face"
    },
    {
      "index": 42,
      "name": "HairStyle"
    },
    {
      "index": 43,
      "name": "HairHighlight"
    },
    {
      "index": 44,
      "name": "SkinColor"
    },
    {
      "index": 45,
      "name": "EyeHeterochromia"
    },
    {
      "index": 46,
      "name": "HairColor"
    },
    {
      "index": 47,
      "name": "HairHighlightColor"
    },
    {
      "index": 48,
      "name": "FacialFeature"
    },
    {
      "index": 49,
      "name": "FacialFeatureColor"
    },
    {
      "index": 50,
      "name": "Eyebrows"
    },
    {
      "index": 51,
      "name": "EyeColor"
    },
    {
      "index": 52,
      "name": "EyeShape"
    },
    {
      "index": 53,
      "name": "Nose"
    },
    {
      "index": 54,
      "name": "Jaw"
    },
    {
      "index": 55,
      "name": "Mouth"
    },
    {
      "index": 56,
      "name": "LipColor"
    },
    {
      "index": 57,
      "name": "BustOrTone1"
    },
    {
      "index": 58,
      "name": "ExtraFeature1"
    },
    {
      "index": 59,
      "name": "ExtraFeature2OrBust"
    },
    {
      "index": 60,
      "name": "FacePaint"
    },
    {
      "index": 61,
      "name": "FacePaintColor"
    },
    {
      "index": 63,
      "name": "NpcEquip",
      "converter": {
        "type": "link",
        "target": "NpcEquip"
      }
    },
    {
      "index": 64,
      "name": "Behavior",
      "converter": {
        "type": "link",
        "target": "Behavior"
      }
    },
    {
      "index": 65,
      "name": "Model{MainHand}"
    },
    {
      "index": 66,
      "name": "Dye{MainHand}",
      "converter": {
        "type": "link",
        "target": "Stain"
      }
    },
    {
      "index": 67,
      "name": "Model{OffHand}"
    },
    {
      "index": 68,
      "name": "Dye{OffHand}",
      "converter": {
        "type": "link",
        "target": "Stain"
      }
    },
    {
      "index": 69,
      "name": "Model{Head}"
    },
    {
      "index": 70,
      "name": "Dye{Head}",
      "converter": {
        "type": "link",
        "target": "Stain"
      }
    },
    {
      "index": 71,
      "name": "Visor"
    },
    {
      "index": 72,
      "name": "Model{Body}"
    },
    {
      "index": 73,
      "name": "Dye{Body}",
      "converter": {
        "type": "link",
        "target": "Stain"
      }
    },
    {
      "index": 74,
      "name": "Model{Hands}"
    },
    {
      "index": 75,
      "name": "Dye{Hands}",
      "converter": {
        "type": "link",
        "target": "Stain"
      }
    },
    {
      "index": 76,
      "name": "Model{Legs}"
    },
    {
      "index": 77,
      "name": "Dye{Legs}",
      "converter": {
        "type": "link",
        "target": "Stain"
      }
    },
    {
      "index": 78,
      "name": "Model{Feet}"
    },
    {
      "index": 79,
      "name": "Dye{Feet}",
      "converter": {
        "type": "link",
        "target": "Stain"
      }
    },
    {
      "index": 80,
      "name": "Model{Ears}"
    },
    {
      "index": 81,
      "name": "Dye{Ears}",
      "converter": {
        "type": "link",
        "target": "Stain"
      }
    },
    {
      "index": 82,
      "name": "Model{Neck}"
    },
    {
      "index": 83,
      "name": "Dye{Neck}",
      "converter": {
        "type": "link",
        "target": "Stain"
      }
    },
    {
      "index": 84,
      "name": "Model{Wrists}"
    },
    {
      "index": 85,
      "name": "Dye{Wrists}",
      "converter": {
        "type": "link",
        "target": "Stain"
      }
    },
    {
      "index": 86,
      "name": "Model{LeftRing}"
    },
    {
      "index": 87,
      "name": "Dye{LeftRing}",
      "converter": {
        "type": "link",
        "target": "Stain"
      }
    },
    {
      "index": 88,
      "name": "Model{RightRing}"
    },
    {
      "index": 89,
      "name": "Dye{RightRing}",
      "converter": {
        "type": "link",
        "target": "Stain"
      }
    },
    {
      "index": 90,
      "name": "Invisibility"
    },
    {
      "index": 91,
      "name": "Balloon",
      "converter": {
        "type": "link",
        "target": "Balloon"
      }
    },
    {
      "index": 92,
      "name": "NotRewriteHeight"
    },
    {
      "index": 93,
      "name": "DefaultBalloon"
    }
  ]
}