{
  "sheet": "EObj",
  "defaultColumn": "Singular",
  "definitions": [
    {
      "index": 8,
      "name": "PopType"
    },
    {
      "index": 9,
      "name": "Data"
    },
    {
      "index": 10,
      "name": "Invisibility"
    },
    {
      "index": 11,
      "name": "SgbPath",
      "converter": {
        "type": "link",
        "target": "ExportedSG"
      }
    },
    {
      "index": 12,
      "name": "EyeCollision"
    },
    {
      "index": 13,
      "name": "DirectorControl"
    },
    {
      "index": 14,
      "name": "Target"
    },
    {
      "index": 15,
      "name": "EventHighAddition"
    },
    {
      "index": 18,
      "name": "AddedIn{5-3}"
    }
  ]
}