{
  "sheet": "EquipSlotCategory",
  "definitions": [
    {
      "name": "MainHand"
    },
    {
      "index": 1,
      "name": "OffHand"
    },
    {
      "index": 2,
      "name": "Head"
    },
    {
      "index": 3,
      "name": "Body"
    },
    {
      "index": 4,
      "name": "Gloves"
    },
    {
      "index": 5,
      "name": "Waist"
    },
    {
      "index": 6,
      "name": "Legs"
    },
    {
      "index": 7,
      "name": "Feet"
    },
    {
      "index": 8,
      "name": "Ears"
    },
    {
      "index": 9,
      "name": "Neck"
    },
    {
      "index": 10,
      "name": "Wrists"
    },
    {
      "index": 11,
      "name": "FingerL"
    },
    {
      "index": 12,
      "name": "FingerR"
    },
    {
      "index": 13,
      "name": "SoulCrystal"
    }
  ]
}