{
  "sheet": "EventAction",
  "defaultColumn": "Name",
  "definitions": [
    {
      "name": "Name"
    },
    {
      "index": 1,
      "name": "Icon",
      "converter": {
        "type": "icon"
      }
    },
    {
      "index": 2,
      "name": "CastTime"
    },
    {
      "index": 3,
      "type": "repeat",
      "count": 3,
      "definition": {
        "name": "Animation",
        "converter": {
          "type": "link",
          "target": "ActionTimeline"
        }
      }
    }
  ]
}