{
  "sheet": "EventIconType",
  "definitions": [
    {
      "name": "NpcIcon{Available}",
      "converter": {
        "type": "icon"
      }
    },
    {
      "index": 1,
      "name": "MapIcon{Available}",
      "converter": {
        "type": "icon"
      }
    },
    {
      "index": 2,
      "name": "NpcIcon{Invalid}",
      "converter": {
        "type": "icon"
      }
    },
    {
      "index": 3,
      "name": "MapIcon{Invalid}",
      "converter": {
        "type": "icon"
      }
    },
    {
      "index": 4,
      "name": "IconRange"
    }
  ]
}