{
  "sheet": "FateEvent",
  "definitions": [
    {
      "type": "repeat",
      "count": 8,
      "definition": {
        "name": "Turn"
      }
    },
    {
      "index": 8,
      "type": "repeat",
      "count": 8,
      "definition": {
        "name": "Gesture"
      }
    },
    {
      "index": 16,
      "type": "repeat",
      "count": 8,
      "definition": {
        "name": "LipSync"
      }
    },
    {
      "index": 24,
      "type": "repeat",
      "count": 8,
      "definition": {
        "name": "Facial"
      }
    },
    {
      "index": 32,
      "type": "repeat",
      "count": 8,
      "definition": {
        "name": "Shape"
      }
    },
    {
      "index": 40,
      "type": "repeat",
      "count": 8,
      "definition": {
        "name": "IsAutoShake"
      }
    },
    {
      "index": 48,
      "type": "repeat",
      "count": 8,
      "definition": {
        "name": "WidgetType"
      }
    },
    {
      "index": 56,
      "type": "repeat",
      "count": 8,
      "definition": {
        "name": "Text"
      }
    }
  ]
}