{
  "sheet": "FishParameter",
  "defaultColumn": "Item",
  "definitions": [
    {
      "name": "Text"
    },
    {
      "index": 1,
      "name": "Item",
      "converter": {
        "type": "multiref",
        "targets": [
          "EventItem",
          "Item"
        ]
      }
    },
    {
      "index": 2,
      "name": "GatheringItemLevel",
      "converter": {
        "type": "link",
        "target": "GatheringItemLevelConvertTable"
      }
    },
    {
      "index": 4,
      "name": "IsHidden"
    },
    {
      "index": 6,
      "name": "FishingRecordType",
      "converter": {
        "type": "link",
        "target": "FishingRecordType"
      }
    },
    {
      "index": 7,
      "name": "TerritoryType",
      "converter": {
        "type": "link",
        "target": "TerritoryType"
      }
    },
    {
      "index": 8,
      "name": "GatheringSubCategory",
      "converter": {
        "type": "link",
        "target": "GatheringSubCategory"
      }
    },
    {
      "index": 9,
      "name": "IsInLog"
    },
    {
      "index": 10,
      "name": "TimeRestricted"
    },
    {
      "index": 11,
      "name": "WeatherRestricted"
    }
  ]
}
