{
  "sheet": "FishingSpot",
  "defaultColumn": "PlaceName",
  "definitions": [
    {
      "name": "GatheringLevel"
    },
    {
      "index": 1,
      "name": "BigFish{OnReach}"
    },
    {
      "index": 2,
      "name": "BigFish{OnEnd}"
    },
    {
      "index": 3,
      "name": "FishingSpotCategory"
    },
    {
      "index": 4,
      "name": "Rare"
    },
    {
      "index": 5,
      "name": "TerritoryType",
      "converter": {
        "type": "link",
        "target": "TerritoryType"
      }
    },
    {
      "index": 6,
      "name": "PlaceName{Main}",
      "converter": {
        "type": "link",
        "target": "PlaceName"
      }
    },
    {
      "index": 7,
      "name": "PlaceName{Sub}",
      "converter": {
        "type": "link",
        "target": "PlaceName"
      }
    },
    {
      "index": 8,
      "name": "X"
    },
    {
      "index": 9,
      "name": "Z"
    },
    {
      "index": 10,
      "name": "Radius"
    },
    {
      "index": 12,
      "type": "repeat",
      "count": 10,
      "definition": {
        "name": "Item",
        "converter": {
          "type": "link",
          "target": "Item"
        }
      }
    },
    {
      "index": 22,
      "name": "PlaceName",
      "converter": {
        "type": "link",
        "target": "PlaceName"
      }
    },
    {
      "index": 23,
      "name": "Order"
    }
  ]
}