{
  "sheet": "GatheringPointBase",
  "definitions": [
    {
      "name": "GatheringType",
      "converter": {
        "type": "link",
        "target": "GatheringType"
      }
    },
    {
      "index": 1,
      "name": "GatheringLevel"
    },
    {
      "index": 2,
      "type": "repeat",
      "count": 8,
      "definition": {
        "name": "Item",
        "converter": {
          "type": "multiref",
          "targets": [
            "GatheringItem",
            "SpearfishingItem"
          ]
        }
      }
    },
    {
      "index": 10,
      "name": "IsLimited"
    }
  ]
}