{
  "sheet": "GatheringLeve",
  "definitions": [
    {
      "type": "repeat",
      "count": 4,
      "definition": {
        "name": "Route",
        "converter": {
          "type": "link",
          "target": "GatheringLeveRoute"
        }
      }
    },
    {
      "index": 4,
      "name": "RequiredItem[0]",
      "converter": {
        "type": "link",
        "target": "EventItem"
      }
    },
    {
      "index": 5,
      "name": "RequiredItemQty[0]"
    },
    {
      "index": 6,
      "name": "RequiredItem[1]",
      "converter": {
        "type": "link",
        "target": "EventItem"
      }
    },
    {
      "index": 7,
      "name": "RequiredItemQty[1]"
    },
    {
      "index": 8,
      "name": "RequiredItem[2]",
      "converter": {
        "type": "link",
        "target": "EventItem"
      }
    },
    {
      "index": 9,
      "name": "RequiredItemQty[2]"
    },
    {
      "index": 10,
      "name": "RequiredItem[3]",
      "converter": {
        "type": "link",
        "target": "EventItem"
      }
    },
    {
      "index": 11,
      "name": "RequiredItemQty[3]"
    },
    {
      "index": 12,
      "name": "ItemNumber"
    },
    {
      "index": 13,
      "name": "Rule",
      "converter": {
        "type": "link",
        "target": "GatheringLeveRule"
      }
    },
    {
      "index": 14,
      "name": "Varient"
    },
    {
      "index": 15,
      "name": "Objective[0]"
    },
    {
      "index": 16,
      "name": "Objective[1]"
    },
    {
      "index": 17,
      "name": "BNpcEntry",
      "converter": {
        "type": "link",
        "target": "GatheringLeveBNpcEntry"
      }
    },
    {
      "index": 18,
      "name": "UseSecondaryTool"
    }
  ]
}