{
  "sheet": "GatheringLeveRoute",
  "definitions": [
    {
      "type": "repeat",
      "count": 12,
      "definition": {
        "type": "group",
        "members": [
          {
            "name": "GatheringPoint",
            "converter": {
              "type": "link",
              "target": "GatheringPoint"
            }
          },
          {
            "name": "PopRange",
            "converter": {
              "type": "link",
              "target": "Level"
            }
          }
        ]
      }
    }
  ]
}