{
  "sheet": "GcArmyExpedition",
  "defaultColumn": "Name",
  "definitions": [
    {
      "name": "Required{Flag}"
    },
    {
      "index": 1,
      "name": "Unlock{Flag}"
    },
    {
      "index": 2,
      "name": "Required{Level}"
    },
    {
      "index": 3,
      "name": "Required{Seals}"
    },
    {
      "index": 4,
      "name": "Reward{Experience}"
    },
    {
      "index": 5,
      "name": "Percent{Base}"
    },
    {
      "index": 7,
      "name": "GcArmyExpeditionType",
      "converter": {
        "type": "link",
        "target": "GcArmyExpeditionType"
      }
    },
    {
      "index": 8,
      "name": "Name"
    },
    {
      "index": 9,
      "name": "Description"
    },
    {
      "index": 10,
      "type": "repeat",
      "count": 6,
      "definition": {
        "type": "group",
        "members": [
          {
            "name": "Reward{Item}",
            "converter": {
              "type": "link",
              "target": "Item"
            }
          }
        ]
      }
    },
    {
      "index": 16,
      "type": "repeat",
      "count": 6,
      "definition": {
        "type": "group",
        "members": [
          {
            "name": "Reward{Quantity}"
          }
        ]
      }
    },
    {
      "index": 22,
      "type": "repeat",
      "count": 6,
      "definition": {
        "type": "group",
        "members": [
          {
            "name": "Required{Physical}"
          }
        ]
      }
    },
    {
      "index": 28,
      "type": "repeat",
      "count": 6,
      "definition": {
        "type": "group",
        "members": [
          {
            "name": "Percent{PhysicalMet}"
          }
        ]
      }
    },
    {
      "index": 34,
      "type": "repeat",
      "count": 6,
      "definition": {
        "type": "group",
        "members": [
          {
            "name": "Required{Mental}"
          }
        ]
      }
    },
    {
      "index": 40,
      "type": "repeat",
      "count": 6,
      "definition": {
        "type": "group",
        "members": [
          {
            "name": "Percent{MentalMet}"
          }
        ]
      }
    },
    {
      "index": 46,
      "type": "repeat",
      "count": 6,
      "definition": {
        "type": "group",
        "members": [
          {
            "name": "Required{Tactical}"
          }
        ]
      }
    },
    {
      "index": 52,
      "type": "repeat",
      "count": 6,
      "definition": {
        "type": "group",
        "members": [
          {
            "name": "Percent{TacticalMet}"
          }
        ]
      }
    },
    {
      "index": 58,
      "type": "repeat",
      "count": 6,
      "definition": {
        "type": "group",
        "members": [
          {
            "name": "Percent{AllMet}"
          }
        ]
      }
    }
  ]
}