{
  "sheet": "GCRankLimsaMaleText",
  "defaultColumn": "Singular",
  "definitions": [
    {
      "name": "Singular"
    },
    {
      "index": 1,
      "name": "Adjective"
    },
    {
      "index": 2,
      "name": "Plural"
    },
    {
      "index": 3,
      "name": "PossessivePronoun"
    },
    {
      "index": 4,
      "name": "StartsWithVowel"
    },
    {
      "index": 6,
      "name": "Pronoun"
    },
    {
      "index": 7,
      "name": "Article"
    },
    {
      "index": 8,
      "name": "Name{Rank}"
    }
  ]
}