{
  "sheet": "GilShop",
  "defaultColumn": "Name",
  "isGenericReferenceTarget": true,
  "definitions": [
    {
      "name": "Name"
    },
    {
      "index": 1,
      "name": "Icon",
      "converter": {
        "type": "icon"
      }
    },
    {
      "index": 2,
      "name": "Quest",
      "converter": {
        "type": "link",
        "target": "Quest"
      }
    },
    {
      "index": 3,
      "name": "AcceptTalk",
      "converter": {
        "type": "link",
        "target": "DefaultTalk"
      }
    },
    {
      "index": 4,
      "name": "FailTalk",
      "converter": {
        "type": "link",
        "target": "DefaultTalk"
      }
    }
  ]
}