{
  "sheet": "GoldSaucerArcadeMachine",
  "definitions": [
    {
      "index": 6,
      "name": "Fail Image",
      "converter": {
        "type": "icon"
      }
    },
    {
      "index": 35,
      "name": "Poor",
      "converter": {
        "type": "icon"
      }
    },
    {
      "index": 36,
      "name": "Good",
      "converter": {
        "type": "icon"
      }
    },
    {
      "index": 37,
      "name": "Great",
      "converter": {
        "type": "icon"
      }
    },
    {
      "index": 38,
      "name": "Excellent",
      "converter": {
        "type": "icon"
      }
    }
  ]
}