{
  "sheet": "GuildleveAssignment",
  "isGenericReferenceTarget": true,
  "definitions": [
    {
      "index": 1,
      "name": "AddedIn{5-3}"
    },
    {
      "index": 2,
      "name": "AssignmentTalk",
      "converter": {
        "type": "link",
        "target": "GuildleveAssignmentTalk"
      }
    },
    {
      "index": 3,
      "type": "repeat",
      "count": 2,
      "definition": {
        "name": "Quest",
        "converter": {
          "type": "link",
          "target": "Quest"
        }
      }
    }
  ]
}