{
  "sheet": "HousingFurniture",
  "defaultColumn": "Item",
  "definitions": [
    {
      "name": "ModelKey"
    },
    {
      "index": 1,
      "name": "HousingItemCategory"
    },
    {
      "index": 2,
      "name": "UsageType"
    },
    {
      "index": 3,
      "name": "UsageParameter"
    },
    {
      "index": 5,
      "name": "AquariumTier"
    },
    {
      "index": 6,
      "name": "CustomTalk",
      "converter": {
        "type": "link",
        "target": "CustomTalk"
      }
    },
    {
      "index": 7,
      "name": "Item",
      "converter": {
        "type": "link",
        "target": "Item"
      }
    },
    {
      "index": 8,
      "name": "DestroyOnRemoval"
    },
    {
      "index": 9,
      "name": "Tooltip",
      "converter": {
        "type": "link",
        "target": "HousingPlacement"
      }
    }
  ]
}