{
  "sheet": "HousingAethernet",
  "definitions": [
    {
      "name": "Level",
      "converter": {
        "type": "link",
        "target": "Level"
      }
    },
    {
      "index": 1,
      "name": "TerritoryType",
      "converter": {
        "type": "link",
        "target": "TerritoryType"
      }
    },
    {
      "index": 2,
      "name": "PlaceName",
      "converter": {
        "type": "link",
        "target": "PlaceName"
      }
    },
    {
      "index": 3,
      "name": "Order"
    }
  ]
}