{
  "sheet": "HousingPreset",
  "definitions": [
    {
      "name": "Singular"
    },
    {
      "index": 1,
      "name": "Adjective"
    },
    {
      "index": 2,
      "name": "Plural"
    },
    {
      "index": 3,
      "name": "PossessivePronoun"
    },
    {
      "index": 4,
      "name": "StartsWithVowel"
    },
    {
      "index": 6,
      "name": "Pronoun"
    },
    {
      "index": 7,
      "name": "Article"
    },
    {
      "index": 8,
      "name": "PlaceName",
      "converter": {
        "type": "link",
        "target": "PlaceName"
      }
    },
    {
      "index": 9,
      "name": "HousingSize"
    },
    {
      "index": 10,
      "name": "ExteriorRoof",
      "converter": {
        "type": "link",
        "target": "Item"
      }
    },
    {
      "index": 11,
      "name": "ExteriorWall",
      "converter": {
        "type": "link",
        "target": "Item"
      }
    },
    {
      "index": 12,
      "name": "ExteriorWindow",
      "converter": {
        "type": "link",
        "target": "Item"
      }
    },
    {
      "index": 13,
      "name": "ExteriorDoor",
      "converter": {
        "type": "link",
        "target": "Item"
      }
    },
    {
      "index": 14,
      "name": "InteriorWall",
      "converter": {
        "type": "link",
        "target": "Item"
      }
    },
    {
      "index": 15,
      "name": "InteriorFlooring",
      "converter": {
        "type": "link",
        "target": "Item"
      }
    },
    {
      "index": 16,
      "name": "InteriorLighting",
      "converter": {
        "type": "link",
        "target": "Item"
      }
    },
    {
      "index": 17,
      "name": "OtherFloorWall",
      "converter": {
        "type": "link",
        "target": "Item"
      }
    },
    {
      "index": 18,
      "name": "OtherFloorFlooring",
      "converter": {
        "type": "link",
        "target": "Item"
      }
    },
    {
      "index": 19,
      "name": "OtherFloorLighting",
      "converter": {
        "type": "link",
        "target": "Item"
      }
    },
    {
      "index": 20,
      "name": "BasementWall",
      "converter": {
        "type": "link",
        "target": "Item"
      }
    },
    {
      "index": 21,
      "name": "BasementFlooring",
      "converter": {
        "type": "link",
        "target": "Item"
      }
    },
    {
      "index": 22,
      "name": "BasementLighting",
      "converter": {
        "type": "link",
        "target": "Item"
      }
    },
    {
      "index": 23,
      "name": "MansionLighting",
      "converter": {
        "type": "link",
        "target": "Item"
      }
    }
  ]
}