{
  "sheet": "HugeCraftworksNpc",
  "defaultColumn": "ENpcResident",
  "definitions": [
    {
      "name": "ENpcResident",
      "converter": {
        "type": "link",
        "target": "ENpcResident"
      }
    },
    {
      "index": 1,
      "name": "ClassJobCategory",
      "converter": {
        "type": "link",
        "target": "ClassJobCategory"
      }
    },
    {
      "index": 3,
      "type": "repeat",
      "count": 4,
      "definition": {
        "name": "ItemRequested",
        "converter": {
          "type": "link",
          "target": "Item"
        }
      }
    },
    {
      "index": 9,
      "type": "repeat",
      "count": 4,
      "definition": {
        "name": "QtyRequested"
      }
    },
    {
      "index": 52,
      "type": "repeat",
      "count": 4,
      "definition": {
        "name": "ItemReward",
        "converter": {
          "type": "link",
          "target": "Item"
        }
      }
    },
    {
      "index": 64,
      "type": "repeat",
      "count": 4,
      "definition": {
        "name": "QtyItemReward"
      }
    },
    {
      "index": 70,
      "type": "repeat",
      "count": 4,
      "definition": {
        "name": "ItemUnkown",
        "converter": {
          "type": "link",
          "target": "Item"
        }
      }
    },
    {
      "index": 82,
      "type": "repeat",
      "count": 4,
      "definition": {
        "name": "QtyItemUnkown"
      }
    },
    {
      "index": 86,
      "name": "Transient"
    }
  ]
}