{
  "sheet": "HWDCrafterSupply",
  "definitions": [
    {
      "type": "repeat",
      "count": 17,
      "definition": {
        "name": "Item{TradeIn}",
        "converter": {
          "type": "link",
          "target": "Item"
        }
      }
    },
    {
      "index": 17,
      "type": "repeat",
      "count": 16,
      "definition": {
        "name": "Level"
      }
    },
    {
      "index": 33,
      "type": "repeat",
      "count": 16,
      "definition": {
        "name": "LevelMax"
      }
    },
    {
      "index": 68,
      "type": "repeat",
      "count": 17,
      "definition": {
        "name": "BaseCollectable{Rating}"
      }
    },
    {
      "index": 85,
      "type": "repeat",
      "count": 17,
      "definition": {
        "name": "MidBaseCollectable{Rating}"
      }
    },
    {
      "index": 102,
      "type": "repeat",
      "count": 17,
      "definition": {
        "name": "HighBaseCollectable{Rating}"
      }
    },
    {
      "index": 119,
      "type": "repeat",
      "count": 17,
      "definition": {
        "name": "BaseCollectable{Reward}",
        "converter": {
          "type": "link",
          "target": "HWDCrafterSupplyReward"
        }
      }
    },
    {
      "index": 136,
      "type": "repeat",
      "count": 17,
      "definition": {
        "name": "MidCollectable{Reward}",
        "converter": {
          "type": "link",
          "target": "HWDCrafterSupplyReward"
        }
      }
    },
    {
      "index": 153,
      "type": "repeat",
      "count": 17,
      "definition": {
        "name": "HighCollectable{Reward}",
        "converter": {
          "type": "link",
          "target": "HWDCrafterSupplyReward"
        }
      }
    }
  ]
}