{
  "sheet": "HWDGathererInspection",
  "definitions": [
    {
      "type": "repeat",
      "count": 52,
      "definition": {
        "name": "ItemRequired",
        "converter": {
          "type": "link",
          "target": "GatheringItem"
        }
      }
    },
    {
      "index": 53,
      "type": "repeat",
      "count": 52,
      "definition": {
        "name": "FishParameter",
        "converter": {
          "type": "link",
          "target": "FishParameter"
        }
      }
    },
    {
      "index": 105,
      "type": "repeat",
      "count": 52,
      "definition": {
        "name": "AmountRequired"
      }
    },
    {
      "index": 157,
      "type": "repeat",
      "count": 52,
      "definition": {
        "name": "ItemReceived",
        "converter": {
          "type": "link",
          "target": "Item"
        }
      }
    },
    {
      "index": 209,
      "type": "repeat",
      "count": 52,
      "definition": {
        "name": "Reward(1)",
        "converter": {
          "type": "link",
          "target": "HWDGathererInspectionReward"
        }
      }
    },
    {
      "index": 261,
      "type": "repeat",
      "count": 52,
      "definition": {
        "name": "Reward(2)",
        "converter": {
          "type": "link",
          "target": "HWDGathererInspectionReward"
        }
      }
    },
    {
      "index": 313,
      "type": "repeat",
      "count": 52,
      "definition": {
        "name": "Phase",
        "converter": {
          "type": "link",
          "target": "HWDGathereInspectTerm"
        }
      }
    }
  ]
}