{
  "sheet": "IKDSpot",
  "defaultColumn": "SpotMain",
  "definitions": [
    {
      "name": "SpotMain",
      "converter": {
        "type": "link",
        "target": "FishingSpot"
      }
    },
    {
      "index": 1,
      "name": "SpotSub",
      "converter": {
        "type": "link",
        "target": "FishingSpot"
      }
    },
    {
      "index": 2,
      "name": "PlaceName",
      "converter": {
        "type": "link",
        "target": "PlaceName"
      }
    }
  ]
}