{
  "sheet": "IndividualWeather",
  "defaultColumn": "Name",
  "definitions": [
    {
      "type": "repeat",
      "count": 6,
      "definition": {
        "name": "Weather",
        "converter": {
          "type": "link",
          "target": "Weather"
        }
      }
    },
    {
      "index": 12,
      "name": "AddedIn{5-3}[0]"
    },
    {
      "index": 13,
      "name": "AddedIn{5-3}[1]"
    },
    {
      "index": 15,
      "type": "repeat",
      "count": 6,
      "definition": {
        "name": "Quest",
        "converter": {
          "type": "link",
          "target": "Quest"
        }
      }
    }
  ]
}