{
  "sheet": "ItemLevel",
  "definitions": [
    {
      "name": "Strength"
    },
    {
      "index": 1,
      "name": "Dexterity"
    },
    {
      "index": 2,
      "name": "Vitality"
    },
    {
      "index": 3,
      "name": "Intelligence"
    },
    {
      "index": 4,
      "name": "Mind"
    },
    {
      "index": 5,
      "name": "Piety"
    },
    {
      "index": 6,
      "name": "HP"
    },
    {
      "index": 7,
      "name": "MP"
    },
    {
      "index": 8,
      "name": "TP"
    },
    {
      "index": 9,
      "name": "GP"
    },
    {
      "index": 10,
      "name": "CP"
    },
    {
      "index": 11,
      "name": "PhysicalDamage"
    },
    {
      "index": 12,
      "name": "MagicalDamage"
    },
    {
      "index": 13,
      "name": "Delay"
    },
    {
      "index": 14,
      "name": "AdditionalEffect"
    },
    {
      "index": 15,
      "name": "AttackSpeed"
    },
    {
      "index": 16,
      "name": "BlockRate"
    },
    {
      "index": 17,
      "name": "BlockStrength"
    },
    {
      "index": 18,
      "name": "Tenacity"
    },
    {
      "index": 19,
      "name": "AttackPower"
    },
    {
      "index": 20,
      "name": "Defense"
    },
    {
      "index": 21,
      "name": "DirectHitRate"
    },
    {
      "index": 22,
      "name": "Evasion"
    },
    {
      "index": 23,
      "name": "MagicDefense"
    },
    {
      "index": 24,
      "name": "CriticalHitPower"
    },
    {
      "index": 25,
      "name": "CriticalHitResilience"
    },
    {
      "index": 26,
      "name": "CriticalHit"
    },
    {
      "index": 27,
      "name": "CriticalHitEvasion"
    },
    {
      "index": 28,
      "name": "SlashingResistance"
    },
    {
      "index": 29,
      "name": "PiercingResistance"
    },
    {
      "index": 30,
      "name": "BluntResistance"
    },
    {
      "index": 31,
      "name": "ProjectileResistance"
    },
    {
      "index": 32,
      "name": "AttackMagicPotency"
    },
    {
      "index": 33,
      "name": "HealingMagicPotency"
    },
    {
      "index": 34,
      "name": "EnhancementMagicPotency"
    },
    {
      "index": 35,
      "name": "EnfeeblingMagicPotency"
    },
    {
      "index": 36,
      "name": "FireResistance"
    },
    {
      "index": 37,
      "name": "IceResistance"
    },
    {
      "index": 38,
      "name": "WindResistance"
    },
    {
      "index": 39,
      "name": "EarthResistance"
    },
    {
      "index": 40,
      "name": "LightningResistance"
    },
    {
      "index": 41,
      "name": "WaterResistance"
    },
    {
      "index": 42,
      "name": "MagicResistance"
    },
    {
      "index": 43,
      "name": "Determination"
    },
    {
      "index": 44,
      "name": "SkillSpeed"
    },
    {
      "index": 45,
      "name": "SpellSpeed"
    },
    {
      "index": 46,
      "name": "Haste"
    },
    {
      "index": 47,
      "name": "Morale"
    },
    {
      "index": 48,
      "name": "Enmity"
    },
    {
      "index": 49,
      "name": "EnmityReduction"
    },
    {
      "index": 50,
      "name": "CarefulDesynthesis"
    },
    {
      "index": 51,
      "name": "EXPBonus"
    },
    {
      "index": 52,
      "name": "Regen"
    },
    {
      "index": 53,
      "name": "Refresh"
    },
    {
      "index": 54,
      "name": "MovementSpeed"
    },
    {
      "index": 55,
      "name": "Spikes"
    },
    {
      "index": 56,
      "name": "SlowResistance"
    },
    {
      "index": 57,
      "name": "PetrificationResistance"
    },
    {
      "index": 58,
      "name": "ParalysisResistance"
    },
    {
      "index": 59,
      "name": "SilenceResistance"
    },
    {
      "index": 60,
      "name": "BlindResistance"
    },
    {
      "index": 61,
      "name": "PoisonResistance"
    },
    {
      "index": 62,
      "name": "StunResistance"
    },
    {
      "index": 63,
      "name": "SleepResistance"
    },
    {
      "index": 64,
      "name": "BindResistance"
    },
    {
      "index": 65,
      "name": "HeavyResistance"
    },
    {
      "index": 66,
      "name": "DoomResistance"
    },
    {
      "index": 67,
      "name": "ReducedDurabilityLoss"
    },
    {
      "index": 68,
      "name": "IncreasedSpiritbondGain"
    },
    {
      "index": 69,
      "name": "Craftsmanship"
    },
    {
      "index": 70,
      "name": "Control"
    },
    {
      "index": 71,
      "name": "Gathering"
    },
    {
      "index": 72,
      "name": "Perception"
    }
  ]
}