{
  "sheet": "ItemFood",
  "definitions": [
    {
      "name": "EXPBonus%"
    },
    {
      "index": 1,
      "type": "repeat",
      "count": 3,
      "definition": {
        "type": "group",
        "members": [
          {
            "name": "BaseParam",
            "converter": {
              "type": "link",
              "target": "BaseParam"
            }
          },
          {
            "name": "IsRelative"
          },
          {
            "name": "Value"
          },
          {
            "name": "Max"
          },
          {
            "name": "Value{HQ}"
          },
          {
            "name": "Max{HQ}"
          }
        ]
      }
    }
  ]
}