{
  "sheet": "ItemBarterCheck",
  "definitions": [
    {
      "name": "Category",
      "converter": {
        "type": "link",
        "target": "AddonTransient"
      }
    },
    {
      "index": 1,
      "name": "Question",
      "converter": {
        "type": "multiref",
        "targets": [
          "LogMessage",
          "Addon"
        ]
      }
    },
    {
      "index": 2,
      "name": "Confirm",
      "converter": {
        "type": "link",
        "target": "Addon"
      }
    }
  ]
}