{
  "sheet": "ItemAction",
  "definitions": [
    {
      "name": "CondLv"
    },
    {
      "index": 1,
      "name": "CondBattle"
    },
    {
      "index": 2,
      "name": "CondPVP"
    },
    {
      "index": 3,
      "name": "CondPVPOnly"
    },
    {
      "index": 4,
      "name": "Type"
    },
    {
      "index": 5,
      "type": "repeat",
      "count": 9,
      "definition": {
        "name": "Data"
      }
    },
    {
      "index": 14,
      "type": "repeat",
      "count": 9,
      "definition": {
        "name": "Data{HQ}"
      }
    }
  ]
}