{
  "sheet": "LotteryExchangeShop",
  "definitions": [
    {
      "index": 1,
      "type": "repeat",
      "count": 16,
      "definition": {
        "name": "ItemAccepted",
        "converter": {
          "type": "link",
          "target": "Item"
        }
      }
    },
    {
      "index": 17,
      "type": "repeat",
      "count": 16,
      "definition": {
        "name": "AmountAccepted"
      }
    },
    {
      "index": 65,
      "name": "Lua"
    },
    {
      "index": 66,
      "type": "repeat",
      "count": 2,
      "definition": {
        "name": "LogMessage",
        "converter": {
          "type": "link",
          "target": "LogMessage"
        }
      }
    }
  ]
}