{
  "sheet": "MainCommand",
  "defaultColumn": "Name",
  "definitions": [
    {
      "name": "Icon",
      "converter": {
        "type": "icon"
      }
    },
    {
      "index": 1,
      "name": "Category"
    },
    {
      "index": 2,
      "name": "MainCommandCategory",
      "converter": {
        "type": "link",
        "target": "MainCommandCategory"
      }
    },
    {
      "index": 3,
      "name": "SortID"
    },
    {
      "index": 4,
      "name": "Name"
    },
    {
      "index": 5,
      "name": "Description"
    }
  ]
}