{
  "sheet": "Map",
  "defaultColumn": "PlaceName",
  "definitions": [
    {
      "name": "MapCondition",
      "converter": {
        "type": "link",
        "target": "MapCondition"
      }
    },
    {
      "index": 1,
      "name": "PriorityCategoryUI"
    },
    {
      "index": 2,
      "name": "PriorityUI"
    },
    {
      "index": 3,
      "name": "MapIndex"
    },
    {
      "index": 4,
      "name": "Hierarchy"
    },
    {
      "index": 5,
      "name": "MapMarkerRange"
    },
    {
      "index": 6,
      "name": "Id"
    },
    {
      "index": 7,
      "name": "SizeFactor"
    },
    {
      "index": 8,
      "name": "Offset{X}"
    },
    {
      "index": 9,
      "name": "Offset{Y}"
    },
    {
      "index": 10,
      "name": "PlaceName{Region}",
      "converter": {
        "type": "link",
        "target": "PlaceName"
      }
    },
    {
      "index": 11,
      "name": "PlaceName",
      "converter": {
        "type": "link",
        "target": "PlaceName"
      }
    },
    {
      "index": 12,
      "name": "PlaceName{Sub}",
      "converter": {
        "type": "link",
        "target": "PlaceName"
      }
    },
    {
      "index": 13,
      "name": "DiscoveryIndex"
    },
    {
      "index": 14,
      "name": "DiscoveryFlag"
    },
    {
      "index": 15,
      "name": "TerritoryType",
      "converter": {
        "type": "link",
        "target": "TerritoryType"
      }
    },
    {
      "index": 16,
      "name": "DiscoveryArrayByte"
    },
    {
      "index": 17,
      "name": "IsEvent"
    }
  ]
}
