{
  "sheet": "MasterpieceSupplyDuty",
  "definitions": [
    {
      "name": "ClassJob",
      "converter": {
        "type": "link",
        "target": "ClassJob"
      }
    },
    {
      "index": 1,
      "name": "ClassJobLevel"
    },
    {
      "index": 2,
      "name": "Reward{Currency}",
      "converter": {
        "type": "link",
        "target": "Currency"
      }
    },
    {
      "index": 3,
      "type": "repeat",
      "count": 8,
      "definition": {
        "type": "group",
        "members": [
          {
            "name": "RequiredItem",
            "converter": {
              "type": "link",
              "target": "Item"
            }
          },
          {
            "name": "Quantity"
          },
          {
            "name": "RequestHq"
          },
          {
            "name": "Collectability{HighBonus}"
          },
          {
            "name": "Collectability{Bonus}"
          },
          {
            "name": "Collectability{Base}"
          },
          {
            "name": "ExpModifier"
          },
          {
            "name": "Reward{Scrips}"
          },
          {
            "name": "BonusMultiplier",
            "converter": {
              "type": "link",
              "target": "MasterpieceSupplyMultiplier"
            }
          },
          {
            "name": "ClassJobLevel{Max}"
          },
          {
            "name": "Stars"
          }
        ]
      }
    }
  ]
}