{
  "sheet": "MobHuntOrderType",
  "definitions": [
    {
      "name": "Type"
    },
    {
      "index": 1,
      "name": "Quest",
      "converter": {
        "type": "link",
        "target": "Quest"
      }
    },
    {
      "index": 2,
      "name": "EventItem",
      "converter": {
        "type": "link",
        "target": "EventItem"
      }
    },
    {
      "index": 3,
      "name": "Order{Start}",
      "converter": {
        "type": "link",
        "target": "MobHuntOrder"
      }
    },
    {
      "index": 4,
      "name": "Order{Amount}"
    }
  ]
}