{
  "sheet": "MobHuntOrder",
  "definitions": [
    {
      "name": "Target",
      "converter": {
        "type": "link",
        "target": "MobHuntTarget"
      }
    },
    {
      "index": 1,
      "name": "NeededKills"
    },
    {
      "index": 2,
      "name": "Type"
    },
    {
      "index": 3,
      "name": "Rank"
    },
    {
      "index": 4,
      "name": "MobHuntReward",
      "converter": {
        "type": "link",
        "target": "MobHuntReward"
      }
    }
  ]
}