{
  "sheet": "MonsterNote",
  "defaultColumn": "Name",
  "definitions": [
    {
      "type": "repeat",
      "count": 4,
      "definition": {
        "name": "MonsterNoteTarget",
        "converter": {
          "type": "link",
          "target": "MonsterNoteTarget"
        }
      }
    },
    {
      "index": 4,
      "type": "repeat",
      "count": 4,
      "definition": {
        "name": "Count"
      }
    },
    {
      "index": 8,
      "name": "Reward"
    },
    {
      "index": 9,
      "name": "Name"
    }
  ]
}