{
  "sheet": "Mount",
  "defaultColumn": "Singular",
  "definitions": [
    {
      "name": "Singular"
    },
    {
      "index": 1,
      "name": "Adjective"
    },
    {
      "index": 2,
      "name": "Plural"
    },
    {
      "index": 3,
      "name": "PossessivePronoun"
    },
    {
      "index": 4,
      "name": "StartsWithVowel"
    },
    {
      "index": 6,
      "name": "Pronoun"
    },
    {
      "index": 7,
      "name": "Article"
    },
    {
      "index": 8,
      "name": "ModelChara",
      "converter": {
        "type": "link",
        "target": "ModelChara"
      }
    },
    {
      "index": 10,
      "name": "FlyingCondition",
      "converter": {
        "type": "link",
        "target": "MountFlyingCondition"
      }
    },
    {
      "index": 14,
      "name": "IsFlying"
    },
    {
      "index": 16,
      "name": "MountCustomize",
      "converter": {
        "type": "link",
        "target": "MountCustomize"
      }
    },
    {
      "index": 17,
      "name": "RideBGM",
      "converter": {
        "type": "link",
        "target": "BGM"
      }
    },
    {
      "index": 21,
      "name": "ExitMoveDist"
    },
    {
      "index": 22,
      "name": "ExitMoveSpeed"
    },
    {
      "index": 24,
      "name": "IsEmote"
    },
    {
      "index": 25,
      "name": "EquipHead"
    },
    {
      "index": 26,
      "name": "EquipBody"
    },
    {
      "index": 27,
      "name": "EquipLeg"
    },
    {
      "index": 28,
      "name": "EquipFoot"
    },
    {
      "index": 29,
      "name": "Order"
    },
    {
      "index": 30,
      "name": "Icon",
      "converter": {
        "type": "icon"
      }
    },
    {
      "index": 31,
      "name": "UIPriority"
    },
    {
      "index": 32,
      "name": "RadiusRate"
    },
    {
      "index": 33,
      "name": "BaseMotionSpeed_Run"
    },
    {
      "index": 34,
      "name": "BaseMotionSpeed_Walk"
    },
    {
      "index": 36,
      "name": "ExtraSeats"
    },
    {
      "index": 37,
      "name": "MountAction",
      "converter": {
        "type": "link",
        "target": "MountAction"
      }
    },
    {
      "index": 38,
      "name": "IsAirborne"
    },
    {
      "index": 39,
      "name": "ExHotbarEnableConfig"
    },
    {
      "index": 40,
      "name": "UseEP"
    },
    {
      "index": 42,
      "name": "IsImmobile"
    }
  ]
}