{
  "sheet": "MountCustomize",
  "definitions": [
    {
      "index": 1,
      "name": "HyurMaleScale"
    },
    {
      "index": 2,
      "name": "HyurFemaleScale"
    },
    {
      "index": 3,
      "name": "ElezenMaleScale"
    },
    {
      "index": 4,
      "name": "ElezenFemaleScale"
    },
    {
      "index": 5,
      "name": "LalaMaleScale"
    },
    {
      "index": 6,
      "name": "LalaFemaleScale"
    },
    {
      "index": 7,
      "name": "MiqoMaleScale"
    },
    {
      "index": 8,
      "name": "MiqoFemaleScale"
    },
    {
      "index": 9,
      "name": "RoeMaleScale"
    },
    {
      "index": 10,
      "name": "RoeFemaleScale"
    },
    {
      "index": 11,
      "name": "AuRaMaleScale"
    },
    {
      "index": 12,
      "name": "AuRaFemaleScale"
    },
    {
      "index": 13,
      "name": "HrothgarMaleScale"
    },
    {
      "index": 14,
      "name": "HrothgarFemaleScale"
    },
    {
      "index": 15,
      "name": "VieraMaleScale"
    },
    {
      "index": 16,
      "name": "VieraFemaleScale"
    },
    {
      "index": 17,
      "name": "HyurMaleCameraHeight"
    },
    {
      "index": 18,
      "name": "HyurFemaleCameraHeight"
    },
    {
      "index": 19,
      "name": "ElezenMaleCameraHeight"
    },
    {
      "index": 20,
      "name": "ElezenFemaleCameraHeight"
    },
    {
      "index": 21,
      "name": "LalaMaleCameraHeight"
    },
    {
      "index": 22,
      "name": "LalaFemaleCameraHeight"
    },
    {
      "index": 23,
      "name": "MiqoMaleCameraHeight"
    },
    {
      "index": 24,
      "name": "MiqoFemaleCameraHeight"
    },
    {
      "index": 25,
      "name": "RoeMaleCameraHeight"
    },
    {
      "index": 26,
      "name": "RoeFemaleCameraHeight"
    },
    {
      "index": 27,
      "name": "AuRaMaleCameraHeight"
    },
    {
      "index": 28,
      "name": "AuRaFemaleCameraHeight"
    },
    {
      "index": 29,
      "name": "HrothgarMaleCameraHeight"
    },
    {
      "index": 30,
      "name": "HrothgarRoeFemaleCameraHeight"
    },
    {
      "index": 31,
      "name": "VieraMaleCameraHeight"
    },
    {
      "index": 32,
      "name": "VieraFemaleCameraHeight"
    }
  ]
}