{
  "sheet": "NotebookDivision",
  "defaultColumn": "Name",
  "definitions": [
    {
      "name": "Name"
    },
    {
      "index": 1,
      "name": "NotebookDivisionCategory",
      "converter": {
        "type": "link",
        "target": "NotebookDivisionCategory"
      }
    },
    {
      "index": 2,
      "name": "CraftOpeningLevel"
    },
    {
      "index": 3,
      "name": "GatheringOpeningLevel"
    },
    {
      "index": 4,
      "name": "QuestUnlock",
      "converter": {
        "type": "link",
        "target": "Quest"
      }
    },
    {
      "index": 7,
      "name": "CRPCraft"
    },
    {
      "index": 8,
      "name": "BSMCraft"
    },
    {
      "index": 9,
      "name": "ARMCraft"
    },
    {
      "index": 10,
      "name": "GSMCraft"
    },
    {
      "index": 11,
      "name": "LTWCraft"
    },
    {
      "index": 12,
      "name": "WVRCraft"
    },
    {
      "index": 13,
      "name": "ALCCraft"
    },
    {
      "index": 14,
      "name": "CULCraft"
    }
  ]
}
