{
  "sheet": "PartyContent",
  "defaultColumn": "Name",
  "definitions": [
    {
      "name": "Key"
    },
    {
      "index": 1,
      "name": "TimeLimit"
    },
    {
      "index": 2,
      "name": "Name"
    },
    {
      "index": 3,
      "name": "TextData{Start}",
      "converter": {
        "type": "link",
        "target": "PartyContentTextData"
      }
    },
    {
      "index": 4,
      "name": "TextData{End}",
      "converter": {
        "type": "link",
        "target": "PartyContentTextData"
      }
    },
    {
      "index": 33,
      "name": "ContentFinderCondition",
      "converter": {
        "type": "link",
        "target": "ContentFinderCondition"
      }
    },
    {
      "index": 34,
      "name": "Image",
      "converter": {
        "type": "icon"
      }
    }
  ]
}