{
  "sheet": "PhysicsGroup",
  "definitions": [
    {
      "type": "repeat",
      "count": 6,
      "definition": {
        "name": "SimulationTime"
      }
    },
    {
      "index": 6,
      "type": "repeat",
      "count": 6,
      "definition": {
        "name": "PS3SimulationTime"
      }
    },
    {
      "index": 12,
      "name": "ResetByLookAt"
    },
    {
      "index": 13,
      "name": "RootFollowingGame"
    },
    {
      "index": 14,
      "name": "RootFollowingCutScene"
    },
    {
      "index": 15,
      "type": "repeat",
      "count": 3,
      "definition": {
        "name": "ConfigSwitch"
      }
    },
    {
      "index": 18,
      "name": "ForceAttractByPhysicsOff"
    }
  ]
}