{
  "sheet": "PublicContent",
  "defaultColumn": "Name",
  "definitions": [
    {
      "name": "Type"
    },
    {
      "index": 1,
      "name": "TimeLimit"
    },
    {
      "index": 2,
      "name": "MapIcon",
      "converter": {
        "type": "icon"
      }
    },
    {
      "index": 3,
      "name": "Name"
    },
    {
      "index": 4,
      "name": "TextData{Start}",
      "converter": {
        "type": "link",
        "target": "PublicContentTextData"
      }
    },
    {
      "index": 5,
      "name": "TextData{End}",
      "converter": {
        "type": "link",
        "target": "PublicContentTextData"
      }
    },
    {
      "index": 9,
      "name": "ContentFinderCondition",
      "converter": {
        "type": "link",
        "target": "ContentFinderCondition"
      }
    },
    {
      "index": 10,
      "name": "AdditionalData",
      "converter": {
        "type": "complexlink",
        "links": [
          {
            "when": {
              "key": "Type",
              "value": 3
            },
            "sheet": "Eureka"
          },
          {
            "when": {
              "key": "Type",
              "value": 5
            },
            "sheet": "GFateClimbing2Content"
          }
        ]
      }
    }
  ]
}