{
  "sheet": "QuestRedoChapterUI",
  "defaultColumn": "Quest",
  "definitions": [
    {
      "name": "Quest",
      "converter": {
        "type": "link",
        "target": "Quest"
      }
    },
    {
      "index": 2,
      "name": "Category",
      "converter": {
        "type": "link",
        "target": "QuestRedoChapterUICategory"
      }
    },
    {
      "index": 4,
      "name": "QuestRedoUISmall",
      "converter": {
        "type": "icon"
      }
    },
    {
      "index": 5,
      "name": "QuestRedoUILarge",
      "converter": {
        "type": "icon"
      }
    },
    {
      "index": 6,
      "name": "QuestRedoUIWide",
      "converter": {
        "type": "icon"
      }
    },
    {
      "index": 7,
      "name": "ChapterName"
    },
    {
      "index": 8,
      "name": "ChapterPart"
    },
    {
      "index": 9,
      "name": "Transient"
    }
  ]
}