{
  "sheet": "QuestClassJobReward",
  "definitions": [
    {
      "name": "ClassJobCategory",
      "converter": {
        "type": "link",
        "target": "ClassJobCategory"
      }
    },
    {
      "index": 1,
      "type": "repeat",
      "count": 4,
      "definition": {
        "name": "Reward{Item}",
        "converter": {
          "type": "link",
          "target": "Item"
        }
      }
    },
    {
      "index": 5,
      "type": "repeat",
      "count": 4,
      "definition": {
        "name": "Reward{Amount}"
      }
    },
    {
      "index": 9,
      "type": "repeat",
      "count": 4,
      "definition": {
        "name": "Required{Item}",
        "converter": {
          "type": "link",
          "target": "Item"
        }
      }
    },
    {
      "index": 13,
      "type": "repeat",
      "count": 4,
      "definition": {
        "name": "Required{Amount}"
      }
    }
  ]
}