{
  "sheet": "QuestBattle",
  "definitions": [
    {
      "name": "Quest",
      "converter": {
        "type": "multiref",
        "targets": [
          "ArrayEventHandler",
          "Quest"
        ]
      }
    },
    {
      "index": 1,
      "name": "QuestBattleScene"
    },
    {
      "index": 2,
      "name": "TimeLimit"
    },
    {
      "index": 3,
      "name": "LevelSync"
    },
    {
      "index": 4,
      "type": "repeat",
      "count": 200,
      "definition": {
        "name": "ScriptInstruction"
      }
    },
    {
      "index": 204,
      "type": "repeat",
      "count": 200,
      "definition": {
        "name": "ScriptValue"
      }
    }
  ]
}