{
  "sheet": "Race",
  "defaultColumn": "Feminine",
  "definitions": [
    {
      "name": "Masculine"
    },
    {
      "index": 1,
      "name": "Feminine"
    },
    {
      "index": 2,
      "name": "RSE{M}{Body}",
      "converter": {
        "type": "link",
        "target": "Item"
      }
    },
    {
      "index": 3,
      "name": "RSE{M}{Hands}",
      "converter": {
        "type": "link",
        "target": "Item"
      }
    },
    {
      "index": 4,
      "name": "RSE{M}{Legs}",
      "converter": {
        "type": "link",
        "target": "Item"
      }
    },
    {
      "index": 5,
      "name": "RSE{M}{Feet}",
      "converter": {
        "type": "link",
        "target": "Item"
      }
    },
    {
      "index": 6,
      "name": "RSE{F}{Body}",
      "converter": {
        "type": "link",
        "target": "Item"
      }
    },
    {
      "index": 7,
      "name": "RSE{F}{Hands}",
      "converter": {
        "type": "link",
        "target": "Item"
      }
    },
    {
      "index": 8,
      "name": "RSE{F}{Legs}",
      "converter": {
        "type": "link",
        "target": "Item"
      }
    },
    {
      "index": 9,
      "name": "RSE{F}{Feet}",
      "converter": {
        "type": "link",
        "target": "Item"
      }
    }
  ]
}