{
  "sheet": "RecipeLookup",
  "definitions": [
    {
      "name": "CRP",
      "converter": {
        "type": "link",
        "target": "Recipe"
      }
    },
    {
      "index": 1,
      "name": "BSM",
      "converter": {
        "type": "link",
        "target": "Recipe"
      }
    },
    {
      "index": 2,
      "name": "ARM",
      "converter": {
        "type": "link",
        "target": "Recipe"
      }
    },
    {
      "index": 3,
      "name": "GSM",
      "converter": {
        "type": "link",
        "target": "Recipe"
      }
    },
    {
      "index": 4,
      "name": "LTW",
      "converter": {
        "type": "link",
        "target": "Recipe"
      }
    },
    {
      "index": 5,
      "name": "WVR",
      "converter": {
        "type": "link",
        "target": "Recipe"
      }
    },
    {
      "index": 6,
      "name": "ALC",
      "converter": {
        "type": "link",
        "target": "Recipe"
      }
    },
    {
      "index": 7,
      "name": "CUL",
      "converter": {
        "type": "link",
        "target": "Recipe"
      }
    }
  ]
}