{
  "sheet": "RelicNote",
  "defaultColumn": "Name",
  "definitions": [
    {
      "name": "EventItem",
      "converter": {
        "type": "link",
        "target": "EventItem"
      }
    },
    {
      "index": 1,
      "type": "repeat",
      "count": 10,
      "definition": {
        "type": "group",
        "members": [
          {
            "name": "MonsterNoteTarget{Common}",
            "converter": {
              "type": "link",
              "target": "MonsterNoteTarget"
            }
          },
          {
            "name": "MonsterCount"
          }
        ]
      }
    },
    {
      "index": 21,
      "type": "repeat",
      "count": 3,
      "definition": {
        "name": "MonsterNoteTarget{NM}",
        "converter": {
          "type": "link",
          "target": "MonsterNoteTarget"
        }
      }
    },
    {
      "index": 25,
      "type": "repeat",
      "count": 3,
      "definition": {
        "type": "group",
        "members": [
          {
            "name": "Fate",
            "converter": {
              "type": "link",
              "target": "Fate"
            }
          },
          {
            "name": "PlaceName{Fate}",
            "converter": {
              "type": "link",
              "target": "PlaceName"
            }
          }
        ]
      }
    },
    {
      "index": 31,
      "type": "repeat",
      "count": 3,
      "definition": {
        "name": "Leve",
        "converter": {
          "type": "link",
          "target": "Leve"
        }
      }
    }
  ]
}