{
  "sheet": "Relic",
  "defaultColumn": "Item{Animus}",
  "definitions": [
    {
      "name": "Item{Atma}",
      "converter": {
        "type": "link",
        "target": "Item"
      }
    },
    {
      "index": 1,
      "name": "Item{Animus}",
      "converter": {
        "type": "link",
        "target": "Item"
      }
    },
    {
      "index": 2,
      "name": "Icon",
      "converter": {
        "type": "icon"
      }
    },
    {
      "index": 3,
      "name": "Materia[0]",
      "converter": {
        "type": "link",
        "target": "Materia"
      }
    },
    {
      "index": 4,
      "name": "NoteMain[0]",
      "converter": {
        "type": "link",
        "target": "RelicNote"
      }
    },
    {
      "index": 5,
      "name": "NoteSub[0]",
      "converter": {
        "type": "link",
        "target": "RelicNote"
      }
    },
    {
      "index": 6,
      "name": "NoteSelection{1}[0]",
      "converter": {
        "type": "link",
        "target": "RelicNote"
      }
    },
    {
      "index": 7,
      "name": "Materia[1]",
      "converter": {
        "type": "link",
        "target": "Materia"
      }
    },
    {
      "index": 8,
      "name": "NoteMain[1]",
      "converter": {
        "type": "link",
        "target": "RelicNote"
      }
    },
    {
      "index": 9,
      "name": "NoteSub[1]",
      "converter": {
        "type": "link",
        "target": "RelicNote"
      }
    },
    {
      "index": 10,
      "name": "NoteSelection[1]",
      "converter": {
        "type": "link",
        "target": "RelicNote"
      }
    },
    {
      "index": 11,
      "name": "Materia[2]",
      "converter": {
        "type": "link",
        "target": "Materia"
      }
    },
    {
      "index": 12,
      "name": "NoteMain[2]",
      "converter": {
        "type": "link",
        "target": "RelicNote"
      }
    },
    {
      "index": 13,
      "name": "NoteSub[2]",
      "converter": {
        "type": "link",
        "target": "RelicNote"
      }
    },
    {
      "index": 14,
      "name": "Materia[3]",
      "converter": {
        "type": "link",
        "target": "Materia"
      }
    },
    {
      "index": 15,
      "name": "NoteSelection[3]",
      "converter": {
        "type": "link",
        "target": "RelicNote"
      }
    }
  ]
}